OTUID,Sb.M.D.38,Sb.F.D.39,Sb.M.D.43,Sb.F.D.45,Sb.M.D.46,Sb.M.R.85,Sb.M.R.86,Sb.F.R.88,Sb.F.R.90,Sb.M.R.91,Sb.F.R.92,Sb.M.R.93,Sb.M.R.94,Sb.F.R.97,Sb.M.R.98,Sb.F.R.99
004a390e55e3e46633a764daa0fe314775405f4a,5,0,0,2,0,0,0,7,0,1,1,0,1,1,0,3
0146ec7845c8548bf2d119eda09a1b05765b5025,0,0,0,0,0,0,0,0,0,0,0,0,0,0,0,0
0193f60ed6530be00150bea63e365649d6ff6682,0,0,0,0,0,0,0,0,0,0,0,0,0,0,0,0
0257828cdc453cf15037c4b51fcf1c6636d2960f,4,1,0,0,2,0,0,1,0,1,1,0,0,0,0,0
0291da271ab4d719fb981a4d84e2d1245e982ac3,0,0,0,0,1,0,7,4,1,6,1,0,0,2,0,0
030a3950b620222a3475da5de4355de323dbe10a,0,1,0,1,0,0,0,0,0,0,0,0,0,0,0,0
03b892d5750b1ee2cede5abd19c5f743165387b9,0,1,0,1,0,0,0,0,0,0,0,0,0,0,0,0
03c43bbc4e7a786e723ea49ad962163ab7e7a7ac,0,0,0,0,0,0,0,0,0,0,0,0,0,0,0,0
03ce118b0aeb5e55af56cf6fc74189f4d2a456cf,0,2,0,1,0,18,57,56,12,44,5,0,6,13,0,0
04cd65cfde93718f16a8b837726c1255dc833af9,0,0,0,0,0,0,0,0,0,2,0,0,0,0,0,0
05e48f065a6bf68509e26972c732f79d1edd2f9c,2,1,0,2,0,0,0,0,0,0,0,0,0,0,0,0
067148bf10e625fbe56c5fda0dae0aff40434298,0,0,0,0,0,0,0,0,0,9,0,0,0,0,0,0
079534690d7d4ab672d77ceca97e243ae1f2a39f,0,0,0,0,0,0,0,0,0,0,0,0,0,0,0,0
087bf4585b197195679ce605e5cd6ba6950b5588,0,0,0,0,0,0,0,0,0,0,0,0,0,0,0,0
08b0ea1c77b8c3055b98b3c154d4b1caae7aea97,2,9,5,0,4,0,20,3,8,7,2,0,2,12,0,0
0ad95e523d78987789f634b3decd43b6993c9618,0,0,0,0,0,0,0,0,0,0,0,0,0,0,0,0
0ae5d89b6e3ebe60279d35d2f210460a81c58a07,0,0,0,0,0,0,0,0,0,0,0,0,0,0,0,0
0b6983e7dd3ccc95bc7f445615bbecb87efc4e4f,0,0,0,0,0,0,0,0,0,0,0,0,0,0,0,0
0bc22efb8851c60bb1f1b262cb04a2d7a974925f,0,0,0,0,0,0,1,0,0,0,0,0,0,0,0,0
0ccf93dcbb20c6ed3b93a6ff09d24f98460322c1,1,0,0,0,0,0,0,0,0,0,0,0,0,0,0,0
0d588c4a2c8c2dbb286275231ae5a1bfd41f4fca,0,0,2,2,0,2,9,1,5,2,0,0,1,4,0,0
0dd558bb70de43082cdfa552706ea500c288b61b,0,1,0,0,0,0,0,0,0,0,0,0,0,0,0,0
0e025f97363a840802cf36b6089413ce650a8264,0,0,0,0,0,0,0,0,0,0,0,0,0,0,0,0
0ee55f0c633e41076457429d58d2e2f432c6cc6f,0,0,0,0,0,0,0,0,0,0,4,0,0,0,0,0
0f1916742d93cc9bbcf3d5c8ca7a7923ee02a076,1,3,1,1,0,0,0,0,0,0,0,0,0,0,0,0
0f27f033f67d3c9e0668039a3b96682784a3c734,0,0,0,0,0,0,0,0,0,0,0,0,0,0,0,0
0fc63e4198145cb6194894924085e49ebcb8fe28,0,0,0,0,0,0,0,0,0,0,0,0,0,0,0,0
10954b49c939a22964aca91895111afd583f7148,0,0,3,0,2,0,1,0,0,2,2,0,0,1,0,0
120d3c639ac80824e59e3c8c21f5c5c66d29421f,0,0,0,0,0,0,0,0,0,0,0,0,0,0,0,0
1224b066b087e6cc55c52e1ddc4aa40e8d320595,0,0,0,0,0,0,0,0,0,0,0,0,0,0,0,0
134315ba0897841eabaae049ea3911ea20f29f83,0,0,0,0,0,0,0,0,0,0,0,0,0,0,0,0
138a43d8d00407052ca3276638c3eb01eee8a339,0,0,0,0,0,0,0,0,0,0,1,0,0,0,0,0
1454bd4e2354fd6ae0ed28d2a0555a06f25e4d5d,0,0,0,0,0,0,0,0,0,0,0,0,0,0,0,0
1471b566a71f36f17006eb2444a6fac0b0f5d08f,0,0,0,0,0,0,0,0,0,0,0,0,0,0,0,0
150044d4f99af30ccb5370f3f81f03bffb231b92,0,0,0,0,0,0,0,0,0,0,0,0,0,0,0,0
15e47f89d6f5de10e17fc4b99745de4ea215ed50,0,0,0,0,0,0,0,0,0,0,0,0,0,0,0,0
161f1187d3ccfe3fcb3fe4543704ad8d3fccdf58,1,0,0,0,0,0,0,0,0,0,0,0,0,0,0,0
1707bdb5944a61271ca2dd2c48ac548cd05e29da,0,0,0,0,0,0,0,0,0,0,0,0,0,0,0,0
175bec1b87996f01a61258f22dc10bc3158756dc,0,0,0,0,0,0,0,0,0,0,0,0,0,0,0,0
1856c6337b0790c610dd44621782f7eb208c05a6,3,9,3,0,2,0,0,0,0,1,0,0,0,0,0,0
18a7aa2f085fc9e2a89bf4aa5e0ed506fc6feda8,0,426,0,2,18,0,0,0,0,0,0,0,0,0,0,0
1ac5cf136286af6591bee07a096144e7d7eefd26,0,0,0,0,0,0,0,0,0,0,0,0,0,0,0,0
1b3dcb450df03462ae23b97b8a3de2b5ea20d6d5,0,0,0,0,0,0,0,0,0,0,0,0,0,0,0,0
1bdab5698be70ab783b5bc502ba22d33141dd96f,1,1,0,0,0,0,0,0,0,0,1,0,0,0,0,0
1bfec057c630f2d0208a49ae81271e464349a2f4,10,0,0,0,3,0,0,0,0,0,0,0,0,0,0,0
1c50ac7606c9c574a2809f39a59fba6d10e6f326,0,0,0,0,0,0,0,0,0,0,0,0,0,0,0,0
1f2ed85c85721d774a1f345d898aae4012083599,0,0,0,0,0,0,0,0,0,0,0,0,0,0,0,0
235932bc60db394d03533f9b30ead5c02f9d3e1a,0,0,0,0,0,0,0,0,0,0,0,0,0,1,0,1
237804f217ad6d7cdde8577af5570775368674e4,0,0,0,0,0,0,0,0,0,0,2,0,0,0,0,0
23dc99dcb54347f87a776b91f4e0ad5e76c6b896,1,0,0,0,0,0,0,0,0,0,0,0,0,0,0,0
247aba99a8f56013c7419a59acd9355d39ba11fc,0,0,0,0,0,0,0,0,0,0,0,0,0,0,0,0
248ff6b53f1910b404eeec4ef165a29f35bccec3,2,0,0,0,0,0,0,0,0,0,0,0,0,0,0,0
2491116e71e579025ee4f0af40c367266666854d,0,0,0,0,0,0,0,0,0,0,0,0,0,0,0,0
2510abd29b6f6dbb4959826ae165a2dbcd1f2b73,0,0,0,0,0,0,0,0,0,0,0,0,0,0,0,0
25294e3c0cff055bebaeca60c89fb8bef9495766,0,0,0,0,0,0,0,0,0,0,0,0,0,0,0,0
2618327e08d3816f27e66c9d336d7455efc86902,0,0,0,0,0,0,0,0,0,0,0,0,0,0,0,0
267077217a48079c8d73be08563c761f6e02ab61,0,0,0,0,0,0,0,0,0,0,0,0,0,0,0,0
26cceb5ff06b8c4a92f51812c33fdfa7b6ffee62,0,0,0,0,0,0,0,0,0,0,0,0,0,0,0,0
26d8e03d6c6f6a424f817da7bafa842e570bdfce,0,1,0,0,0,0,0,0,0,0,0,0,0,0,0,0
26ded6d428949b2b5a61ad80f96ec01aa4539eed,0,0,0,0,0,0,0,0,0,0,0,0,0,0,0,0
27687cdb363b8a4d31a35c6aded4e1078a6ea6fc,0,0,0,0,0,0,0,0,0,1,0,0,0,0,0,0
27b38ae5a4d2995654062458f2e7a8ec34b19ebe,0,0,0,0,0,0,0,0,0,0,0,0,0,0,0,0
2904f54c96c47a4d1c29f1083bab48357d07e916,0,1,0,0,0,0,0,0,0,0,0,0,0,0,0,0
29d07bd172a8f4052da3a280c4db921eb894737a,0,0,0,0,0,0,0,0,0,0,0,0,0,0,0,0
2aa811fb2c0a5362498d74b0ffa4924b5cb66ee5,0,1,0,0,0,0,0,0,0,0,0,0,0,0,0,0
2ac022946fba1b870c3b43e1de259db0812eb61f,0,0,0,0,0,0,0,0,0,0,0,0,0,0,0,0
2b63b4e1433bde14608963a2247f9f41cd314edb,0,0,0,0,0,0,0,0,0,0,0,0,0,0,0,0
2c2ed40ba36225bf2afcbdb894163b2b0b632713,0,0,0,0,0,0,0,0,0,1,0,0,0,0,0,0
2c8a4b269544e5531a112631df6ec802fc8378c8,0,0,0,0,0,0,0,0,0,0,0,0,0,0,0,0
2d2bf9aebc0699032561aaaa90653d6a7624aa3a,0,0,0,0,0,0,0,0,0,0,0,0,0,0,0,0
2de2c17b5e80305b2892af613c47f83ad906bf2b,1,0,0,0,0,0,0,0,0,0,0,0,0,0,0,0
2e32899579233e26e0dd3a970c9566e4f8f10c48,0,0,0,0,0,0,0,0,0,0,0,0,0,0,0,0
2e37d84275e3b460bc3c09b28b0b8e6105bd0bfe,0,0,0,0,0,1,11,0,18,30,40,1,0,0,1,4
30bfcedf4c649290160f1decf49479873c26b645,0,0,0,0,0,0,0,0,0,0,0,0,0,0,0,0
3234260971700ec36acfbb0ec244a27f208097c4,0,0,0,0,0,0,0,0,0,0,1,0,0,0,0,0
3272f63fe245229d741815a00c166cc9a9e85266,0,0,0,0,0,0,0,0,0,0,0,0,0,0,0,0
33aa5994e1e6cfe381c561ade0bb2edfb07f32fd,0,0,0,0,0,0,0,0,0,0,0,0,0,0,0,0
33f5694af7e5d133ef4962d40c791e11837dd5c2,0,0,0,0,0,0,0,0,0,1,0,0,0,0,0,0
345dff41a0479bfeca3253aa2179cdee158d5683,0,0,0,0,0,0,0,0,0,0,0,0,0,0,0,0
361de2ddb54bdc754b8506975fdf05c0a3055e1b,0,0,0,0,0,0,1,0,0,0,0,0,0,0,0,0
36396c899b32541f99cba64f2e59b82c38e1b897,0,0,0,0,0,0,0,0,0,0,0,0,0,0,0,0
3646b6922a800b038eabae597c3422a6e86d3e55,0,0,0,0,0,0,0,0,0,0,0,0,0,0,0,0